Time Spent (hours);Engineer;Customer;Booking Container;Description
0.5;Sarah;Gamma LLC;Gamma LLC Ops FP;[GL-505]: Participated in Alpha Edge planning
1.5;Olivia;Gamma LLC;Gamma LLC Ops FP;[GL-379]: Monitored AWS AppSync APIs
1.25;Emily;Epsilon Enterprises;Epsilon Enterprises Ops FP;[EE-531]: Participated in internal team sync.
0.25;Emily;Gamma LLC;Gamma LLC Ops FP;[GL-347]: Shared expertise on AWS Kinesis.
0.5;Ava;Delta Solutions;Delta Solutions Ops FP;[DS-479]: Monitored Azure Logic Apps performance
1.5;Michael;Alpha Edge;Alpha Edge Ops FP;[AI-305]: Updated systems for Beta Corp
0.5;Sarah;Alpha Edge;Alpha Edge Ops FP;Attended meeting with Delta Solutions
1.75;Noah;Delta Solutions;Delta Solutions Ops FP;[DS-482]: Improved Azure Container Instances configurations
1.0;Sarah;Gamma LLC;Gamma LLC Change T&M;[GL-301]: Attended client meeting to discuss new feature requests.
1.25;Emily;Epsilon Enterprises;Epsilon Enterprises Ops FP;[EE-543]: Participated in internal team meeting.
1.0;Sarah;Gamma LLC;Gamma LLC Change T&M;[GL-363]: Attended Gamma LLC CI/CD session
1.5;John;Alpha Edge;Alpha Edge Ops FP;[AI-161]: Groomed and refined FP tasks
1.5;Michael;Epsilon Enterprises;Epsilon Enterprises Change T&M;[EE-538]: Worked on AWS CI/CD pipeline fixes.
1.0;John;Epsilon Enterprises;Epsilon Enterprises Change T&M;[EE-542]: Attended Epsilon Enterprises CI/CD session.
1.0;Michael;Alpha Edge;Alpha Edge Ops FP;Implemented new feature for Beta Corp
0.5;Emily;Epsilon Enterprises;Epsilon Enterprises Ops FP;[EE-513]: Participated in internal team sync meeting.
0.75;Sarah;Alpha Edge;Alpha Edge Ops FP;[AI-120]: Improved AWS backup solutions.
1.0;Emma;Gamma LLC;Gamma LLC Change T&M;[GL-381]: Attended Gamma LLC CI/CD session
1.25;John;Epsilon Enterprises;Epsilon Enterprises Change T&M;[EE-518]: Attended client meeting for optimization strategies.
0.25;Ava;Gamma LLC;Gamma LLC Ops FP;[GL-383]: Shared expertise on AWS AppSync
0.75;Alex;Delta Solutions;Delta Solutions Change T&M;[DS-474]: Attended Delta Solutions Standup
0.25;Emily;Beta Corp;Beta Corp Ops FP;[BC-210]: Shared expertise on Azure Kubernetes Service.
0.5;Olivia;Epsilon Enterprises;Epsilon Enterprises Ops FP;[EE-569]: Participated in internal team sync
1.75;John;Beta Corp;Beta Corp Change T&M;[BC-233]: Implemented new Azure Kubernetes Service features.
0.25;Emily;Gamma LLC;Gamma LLC Ops FP;[GL-335]: Shared expertise on AWS Fargate.
0.5;Sarah;Delta Solutions;Delta Solutions Change T&M;[DS-410]: Attended Delta Solutions CI/CD session.
1.25;Emily;Beta Corp;Beta Corp Ops FP;[BC-252]: Shared knowledge about Azure Cognitive Services.
1.25;Sarah;Epsilon Enterprises;Epsilon Enterprises Ops FP;[EE-529]: Monitored AWS DynamoDB performance.
1.5;Liam;Delta Solutions;Delta Solutions Ops FP;[DS-472]: Improved Azure Logic Apps configurations
1.5;Michael;Epsilon Enterprises;Epsilon Enterprises Change T&M;[EE-550]: Worked on AWS CI/CD pipeline fixes.
1.25;Emily;Beta Corp;Beta Corp Ops FP;[BC-246]: Shared knowledge about Azure Stream Analytics.
1.0;Emily;Gamma LLC;Gamma LLC Ops FP;[GL-329]: Upgraded AWS Elasticsearch clusters.
0.75;Emma;Delta Solutions;Delta Solutions Ops FP;[DS-471]: Conducted internal onboarding for new engineer
1.5;Michael;Alpha Edge;Alpha Edge Change T&M;[AI-151]: Attended Alpha Edge CI/CD session.
1.5;John;Delta Solutions;Delta Solutions Ops FP;[DS-441]: Improved Azure Synapse configurations.
0.25;John;Beta Corp;Beta Corp Ops FP;[BC-290]: Conducted internal training on Azure Search
0.5;Sarah;Gamma LLC;Gamma LLC Change T&M;[GL-325]: Worked on CI/CD pipeline fixes.
1.5;Alex;Epsilon Enterprises;Epsilon Enterprises Change T&M;[EE-546]: Implemented AWS Glue jobs.
0.5;Alex;Beta Corp;Beta Corp Change T&M;[BC-277]: Attended Beta Corp Team Retrospective
0.5;John;Delta Solutions;Delta Solutions Ops FP;[DS-405]: Conducted internal onboarding session for new engineer.
0.5;Emma;Alpha Edge;Alpha Edge Ops FP;[AI-170]: Shared knowledge about AWS CodeBuild
0.25;Emily;Gamma LLC;Gamma LLC Ops FP;[GL-365]: Shared expertise on AWS CloudFormation
1.75;Michael;Epsilon Enterprises;Epsilon Enterprises Ops FP;[EE-526]: Resolved AWS IAM role issues.
0.5;Olivia;Epsilon Enterprises;Epsilon Enterprises Ops FP;[EE-575]: Participated in internal team sync
0.5;John;Delta Solutions;Delta Solutions Change T&M;[DS-429]: Worked on customer-requested Azure policies.
1.5;Alex;Epsilon Enterprises;Epsilon Enterprises Change T&M;[EE-552]: Implemented AWS SQS queues.
0.5;John;Alpha Edge;Alpha Edge Change T&M;[AI-133]: Attended Alpha Edge Standup.
1.0;Sarah;Beta Corp;Beta Corp Ops FP;[BC-226]: Conducted internal onboarding session.
1.5;Michael;Beta Corp;Beta Corp Ops FP;[BC-229]: Shared knowledge about Azure Functions.
0.75;Alex;Alpha Edge;Alpha Edge Change T&M;[AI-164]: Implemented customer-requested AWS features
1.5;Michael;Epsilon Enterprises;Epsilon Enterprises Change T&M;[EE-562]: Worked on AWS CI/CD pipeline fixes
0.75;Alex;Gamma LLC;Gamma LLC Ops FP;[GL-362]: Upgraded AWS CloudFormation stacks
0.25;Sarah;Beta Corp;Beta Corp Ops FP;[BC-214]: Updated documentation for Azure services.
1.5;John;Alpha Edge;Alpha Edge Ops FP;[AI-191]: Groomed and refined FP tasks
0.5;Michael;Beta Corp;Beta Corp Change T&M;[BC-265]: Attended Beta Corp Team Retrospective
0.25;Sarah;Alpha Edge;Alpha Edge Ops FP;[AI-160]: Shared knowledge about AWS CodeBuild
1.5;Michael;Alpha Edge;Alpha Edge Ops FP;[AI-302]: Updated systems for Beta Corp
0.25;Sarah;Alpha Edge;Alpha Edge Ops FP;[AI-149]: Shared knowledge about AWS CodeStar.
1.0;Emily;Epsilon Enterprises;Epsilon Enterprises Ops FP;[EE-590]: Updated AWS SNS topics
1.25;Olivia;Beta Corp;Beta Corp Ops FP;[BC-284]: Groomed tasks under FP container
1.0;Sarah;Gamma LLC;Gamma LLC Change T&M;[GL-357]: Attended Gamma LLC CI/CD session
0.25;Ava;Gamma LLC;Gamma LLC Ops FP;[GL-371]: Shared expertise on AWS Elastic Beanstalk
1.0;Alex;Delta Solutions;Delta Solutions Change T&M;[DS-421]: Worked on customer-requested Azure functions.
2.0;Sarah;Gamma LLC;Gamma LLC Change T&M;[GL-307]: Implemented new customer-requested deployment scripts.
0.25;Liam;Beta Corp;Beta Corp Ops FP;[BC-275]: Conducted internal training on Azure Machine Learning
0.25;Liam;Beta Corp;Beta Corp Ops FP;[BC-287]: Conducted internal training on Azure Search
1.25;Sarah;Alpha Edge;Alpha Edge Ops FP;[AI-141]: Monitored AWS services post-deployment.
1.0;Sarah;Epsilon Enterprises;Epsilon Enterprises Ops FP;[EE-559]: Updated AWS SNS topics
1.0;Alex;Beta Corp;Beta Corp Ops FP;[BC-231]: Conducted internal training on Azure Monitor.
0.5;Sarah;Gamma LLC;Gamma LLC Ops FP;[GL-510]: Participated in Alpha Edge planning
0.75;Alex;Gamma LLC;Gamma LLC Ops FP;[GL-356]: Upgraded AWS CloudFormation stacks
1.25;Emily;Alpha Edge;Alpha Edge Ops FP;[AI-301]: Monitored AWS services
0.75;Michael;Delta Solutions;Delta Solutions Ops FP;[DS-407]: Monitored system performance after upgrades.
0.75;Alex;Beta Corp;Beta Corp Change T&M;[BC-213]: Attended client meeting for new Azure features.
0.25;Amanda;Beta Corp;Beta Corp Ops FP;Personal time off
1.25;Emily;Epsilon Enterprises;Epsilon Enterprises Ops FP;[EE-549]: Participated in internal team meeting.
1.75;John;Epsilon Enterprises;Epsilon Enterprises Change T&M;[EE-530]: Implemented AWS Elastic Load Balancer enhancements.
0.25;John;Beta Corp;Beta Corp Ops FP;[BC-245]: Conducted internal training on Azure Data Factory.
2.0;Olivia;Delta Solutions;Delta Solutions Ops FP;[DS-475]: Offboarded deprecated Azure resources and updated monitoring systems
0.5;Michael;Beta Corp;Beta Corp Change T&M;[BC-223]: Attended Beta Corp Team Retrospective.
0.5;Alex;Delta Solutions;Delta Solutions Ops FP;[DS-409]: Updated monitoring alerts after migration.
1.0;Amanda;Gamma LLC;Gamma LLC Ops FP;[GL-507]: Shared expertise on AWS Lambda
1.25;Olivia;Delta Solutions;Delta Solutions Ops FP;[DS-487]: Offboarded deprecated Azure resources
1.5;Michael;Alpha Edge;Alpha Edge Change T&M;Attended Alpha Edge Standup.
1.5;Sarah;Gamma LLC;Gamma LLC Ops FP;[GL-355]: Monitored AWS Glue jobs
1.75;Alex;Beta Corp;Beta Corp Ops FP;[BC-225]: Upgraded Azure SQL Databases.
1.5;Alex;Epsilon Enterprises;Epsilon Enterprises Change T&M;[EE-540]: Implemented AWS Step Functions.
0.25;Emily;Gamma LLC;Gamma LLC Ops FP;[GL-359]: Shared expertise on AWS Elastic Beanstalk
0.75;Sarah;Delta Solutions;Delta Solutions Change T&M;[DS-420]: Attended Delta Solutions Standup.
0.5;Sarah;Delta Solutions;Delta Solutions Ops FP;[DS-602]: Attended Epsilon Enterprises meeting
1.5;Alex;Epsilon Enterprises;Epsilon Enterprises Change T&M;[EE-586]: Worked on AWS CI/CD pipeline fixes
1.25;Olivia;Alpha Edge;Alpha Edge Ops FP;[AI-179]: Monitored AWS services post-deployment
1.5;Alex;Alpha Edge;Alpha Edge Change T&M;[AI-173]: Attended Alpha Edge CI/CD session
0.75;Sarah;Delta Solutions;Delta Solutions Ops FP;[DS-452]: Conducted internal onboarding for new engineer.
1.0;Amanda;Delta Solutions;Delta Solutions Ops FP;Personal appointment
0.25;Emily;Gamma LLC;Gamma LLC Ops FP;[GL-353]: Shared expertise on AWS AppSync.
1.5;Liam;Alpha Edge;Alpha Edge Ops FP;[AI-171]: Groomed and refined FP tasks
1.0;John;Epsilon Enterprises;Epsilon Enterprises Change T&M;[EE-591]: Attended Epsilon Enterprises CI/CD session
1.75;Olivia;Beta Corp;Beta Corp Ops FP;[BC-272]: Groomed tasks under FP container
1.0;Sarah;Epsilon Enterprises;Epsilon Enterprises Ops FP;[EE-509]: Performed AWS infrastructure cost analysis.
0.25;Sarah;Delta Solutions;Delta Solutions Ops FP;[DS-404]: Updated Azure monitoring dashboard with new metrics.
0.5;James;Gamma LLC;Gamma LLC Ops FP;Worked on server updates.
1.25;Sarah;Alpha Edge;Alpha Edge Ops FP;[AI-163]: Monitored AWS services post-deployment
0.5;Emily;Delta Solutions;Delta Solutions Ops FP;[DS-442]: Monitored Azure SQL Data Warehouse performance.
1.5;James;Epsilon Enterprises;Epsilon Enterprises Change T&M;[EE-700]: Updated AWS configurations and attended training
1.0;Alex;Alpha Edge;Alpha Edge Ops FP;[AI-131]: Groomed tasks under FP container.
1.0;John;Epsilon Enterprises;Epsilon Enterprises Change T&M;[EE-560]: Attended Epsilon Enterprises CI/CD session
1.5;Emily;Beta Corp;Beta Corp Ops FP;[BC-204]: Participated in internal engineering sync meeting.
0.5;Sarah;Beta Corp;Beta Corp Change T&M;[BC-208]: Code review for Azure function app improvements.
1.25;Olivia;Alpha Edge;Alpha Edge Ops FP;[AI-174]: Monitored AWS services post-deployment
0.5;Michael;Beta Corp;Beta Corp Change T&M;[BC-247]: Attended Beta Corp Team Retrospective.
1.5;Noah;Epsilon Enterprises;Epsilon Enterprises Change T&M;[EE-576]: Implemented AWS Redshift clusters
1.0;Sarah;Gamma LLC;Gamma LLC Change T&M;[GL-339]: Attended Gamma LLC CI/CD session.
1.25;Alex;Gamma LLC;Gamma LLC Ops FP;[GL-332]: Groomed tasks for Fixed Price container.
0.5;Emily;Delta Solutions;Delta Solutions Ops FP;[DS-436]: Monitored Azure SQL Database performance.
1.5;John;Alpha Edge;Alpha Edge Ops FP;[AI-139]: Groomed and refined FP tasks.
1.0;Michael;Gamma LLC;Gamma LLC Ops FP;[GL-506]: Upgraded systems for Delta Solutions
1.0;Sarah;Delta Solutions;Delta Solutions Ops FP;[DS-428]: Improved Azure CDN configurations.
0.75;James;Alpha Edge;Alpha Edge Change T&M;[AI-189]: Implemented customer-requested AWS features
1.5;Michael;Epsilon Enterprises;Epsilon Enterprises Ops FP;[EE-502]: Performed AWS cost optimization analysis.
0.5;John;Epsilon Enterprises;Epsilon Enterprises Ops FP;[EE-512]: Updated AWS CloudWatch alerts.
1.25;Sarah;Delta Solutions;Delta Solutions Ops FP;[DS-450]: Offboarded deprecated Azure resources.
0.75;Michael;Alpha Edge;Alpha Edge Ops FP;[AI-105]: Improved alerting thresholds in monitoring systems.
1.25;Sophia;Beta Corp;Beta Corp Ops FP;[BC-296]: Shared knowledge about Azure CDN
1.0;Emma;Epsilon Enterprises;Epsilon Enterprises Ops FP;[EE-577]: Updated AWS S3 policies
1.0;Michael;Epsilon Enterprises;Epsilon Enterprises Change T&M;[EE-707]: Implemented features for Alpha Edge
1.0;Sarah;Gamma LLC;Gamma LLC Change T&M;[GL-351]: Attended Gamma LLC CI/CD session.
1.25;Sarah;Beta Corp;Beta Corp Ops FP;[BC-248]: Groomed tasks under FP container.
1.5;Alex;Alpha Edge;Alpha Edge Change T&M;[AI-178]: Attended Alpha Edge CI/CD session
1.5;Liam;Delta Solutions;Delta Solutions Ops FP;[DS-484]: Improved Azure Service Bus configurations
1.0;Emma;Gamma LLC;Gamma LLC Change T&M;[GL-369]: Attended Gamma LLC CI/CD session
1.25;Alex;Delta Solutions;Delta Solutions Ops FP;[DS-415]: Offboarded user accounts.
0.5;Olivia;Epsilon Enterprises;Epsilon Enterprises Ops FP;[EE-587]: Participated in internal team sync
1.5;David;Alpha Edge;Alpha Edge Change T&M;Updated scripts and documentation
0.5;Ava;Delta Solutions;Delta Solutions Ops FP;[DS-485]: Monitored Azure Data Lake performance
1.25;James;Alpha Edge;Alpha Edge Ops FP;Worked on several tasks
0.5;James;Gamma LLC;Gamma LLC Ops FP;Worked on stuff
0.25;Emma;Alpha Edge;Alpha Edge Ops FP;[AI-181]: Shared knowledge about AWS CodeCommit
0.25;Emily;Gamma LLC;Gamma LLC Ops FP;[GL-341]: Shared expertise on AWS Lambda best practices.
1.25;Sarah;Alpha Edge;Alpha Edge Ops FP;[AI-112]: Resolved infrastructure issue causing downtime.
0.5;Emily;Alpha Edge;Alpha Edge Ops FP;[AI-140]: Shared expertise on AWS Glue.
1.5;John;Alpha Edge;Alpha Edge Ops FP;[AI-185]: Groomed and refined FP tasks
1.25;Sarah;Alpha Edge;Alpha Edge Ops FP;[AI-147]: Monitored AWS services post-deployment.
1.75;Emily;Epsilon Enterprises;Epsilon Enterprises Ops FP;[EE-519]: Resolved AWS billing anomalies.
0.25;John;Gamma LLC;Gamma LLC Change T&M;[GL-328]: Attended Gamma LLC Team Retrospective.
1.5;John;Delta Solutions;Delta Solutions Ops FP;[DS-466]: Improved Azure Functions configurations
1.25;Michael;Gamma LLC;Gamma LLC Change T&M;[GL-306]: Attended Gamma LLC CI/CD session.
0.5;Michael;Beta Corp;Beta Corp Change T&M;[BC-259]: Attended Beta Corp Team Retrospective
0.5;James;Epsilon Enterprises;Epsilon Enterprises Ops FP;[EE-705]: Attended standup meeting
1.25;Alex;Alpha Edge;Alpha Edge Change T&M;[AI-119]: Attended Alpha Edge Standup.
1.25;Emily;Epsilon Enterprises;Epsilon Enterprises Ops FP;[EE-555]: Participated in internal team meeting
0.25;Sophia;Gamma LLC;Gamma LLC Ops FP;[GL-395]: Shared expertise on AWS CloudFormation
1.25;Sarah;Alpha Edge;Alpha Edge Ops FP;[AI-158]: Monitored AWS services post-deployment
0.5;Ava;Alpha Edge;Alpha Edge Ops FP;[AI-172]: Shared expertise on AWS QuickSight
1.5;Michael;Epsilon Enterprises;Epsilon Enterprises Change T&M;[EE-508]: Worked on CI/CD pipeline fixes not caused by our team.
0.5;Emily;Delta Solutions;Delta Solutions Ops FP;[DS-461]: Monitored Azure Event Grid performance
1.5;Alex;Beta Corp;Beta Corp Ops FP;[BC-201]: Upgraded Azure Kubernetes Service cluster.
0.75;Emily;Beta Corp;Beta Corp Ops FP;[BC-403]: Conducted training on AWS services
1.0;Alex;Delta Solutions;Delta Solutions Change T&M;[DS-433]: Worked on customer-requested Azure functions.
1.5;John;Alpha Edge;Alpha Edge Ops FP;[AI-155]: Groomed and refined FP tasks
1.25;Sarah;Beta Corp;Beta Corp Ops FP;[BC-236]: Groomed tasks under FP container.
0.5;Emily;Delta Solutions;Delta Solutions Ops FP;[DS-467]: Monitored Azure Logic Apps performance
1.5;John;Epsilon Enterprises;Epsilon Enterprises Ops FP;[EE-506]: Updated AWS IAM policies.
1.5;John;Delta Solutions;Delta Solutions Ops FP;[DS-447]: Improved Azure Event Grid configurations.
0.75;Emily;Epsilon Enterprises;Epsilon Enterprises Ops FP;[EE-706]: Conducted internal training
1.5;Liam;Delta Solutions;Delta Solutions Ops FP;[DS-478]: Improved Azure Functions configurations
1.25;Ava;Beta Corp;Beta Corp Ops FP;[BC-276]: Shared knowledge about Azure CDN
2.25;Michael;Beta Corp;Beta Corp Change T&M;[BC-205]: Worked on CI/CD pipeline enhancements.
0.75;Alex;Gamma LLC;Gamma LLC Ops FP;[GL-338]: Upgraded AWS CloudFront distributions.
1.5;Sarah;Epsilon Enterprises;Epsilon Enterprises Change T&M;[EE-505]: Implemented Azure cost-saving measures.
1.75;Noah;Delta Solutions;Delta Solutions Ops FP;[DS-470]: Improved Azure Kubernetes Service configurations
1.0;Alex;Epsilon Enterprises;Epsilon Enterprises Ops FP;[EE-534]: Groomed and refined FP tasks.
1.0;Sarah;Beta Corp;Beta Corp Ops FP;[BC-232]: Updated Azure Service Fabric clusters.
0.25;Sophia;Gamma LLC;Gamma LLC Ops FP;[GL-389]: Shared expertise on AWS Elastic Beanstalk
0.5;Sophia;Epsilon Enterprises;Epsilon Enterprises Ops FP;[EE-594]: Participated in internal team sync
0.75;Alex;Delta Solutions;Delta Solutions Change T&M;[DS-494]: Attended Delta Solutions Standup
1.5;Sarah;Gamma LLC;Gamma LLC Ops FP;[GL-313]: Groomed tasks for Fixed Price container.
0.75;Emily;Epsilon Enterprises;Epsilon Enterprises Ops FP;[EE-710]: Conducted internal training
1.5;Michael;Gamma LLC;Gamma LLC Change T&M;[GL-366]: Worked on CI/CD pipeline improvements
1.0;John;Gamma LLC;Gamma LLC Ops FP;[GL-394]: Upgraded AWS CloudWatch metrics
0.25;John;Beta Corp;Beta Corp Ops FP;[BC-257]: Conducted internal training on Azure Search
1.25;Ava;Epsilon Enterprises;Epsilon Enterprises Ops FP;[EE-573]: Participated in internal team meeting
1.25;John;Alpha Edge;Alpha Edge Ops FP;[AI-101]: Performed Kubernetes upgrade on production cluster.
1.5;Liam;Alpha Edge;Alpha Edge Ops FP;[AI-177]: Groomed and refined FP tasks
0.25;John;Beta Corp;Beta Corp Ops FP;[BC-239]: Conducted internal training on Azure Logic Apps.
1.5;Alex;Gamma LLC;Gamma LLC Change T&M;[GL-372]: Worked on CI/CD pipeline improvements
0.8;James;Alpha Edge;Alpha Edge Change T&M;[AI-300]: Worked on deployment scripts
1.5;Sarah;Epsilon Enterprises;Epsilon Enterprises Ops FP;[EE-533]: Monitored AWS Lambda functions.
1.5;Michael;Alpha Edge;Alpha Edge Change T&M;Attended Alpha Edge CI/CD session.
1.0;Sarah;Epsilon Enterprises;Epsilon Enterprises Ops FP;[EE-553]: Updated AWS IAM roles
0.5;Sarah;Delta Solutions;Delta Solutions Change T&M;[DS-426]: Attended Delta Solutions CI/CD session.
1.25;David;Gamma LLC;Gamma LLC Ops FP;[GL-500]: Monitored system performance
0.75;Alex;Alpha Edge;Alpha Edge Change T&M;[AI-153]: Implemented customer-requested AWS features
0.75;Michael;Gamma LLC;Gamma LLC Ops FP;[GL-318]: Updated AWS ECS configurations.
1.5;John;Beta Corp;Beta Corp Change T&M;[BC-227]: Implemented Azure Logic Apps as per request.
1.5;Emily;Gamma LLC;Gamma LLC Change T&M;[GL-317]: Implemented customer-requested AWS IAM roles.
0.25;John;Beta Corp;Beta Corp Ops FP;[BC-251]: Conducted internal training on Azure Notification Hubs.
1.5;Sarah;Gamma LLC;Gamma LLC Ops FP;[GL-337]: Monitored AWS ECS tasks.
0.75;John;Alpha Edge;Alpha Edge Change T&M;[AI-127]: Code review for AWS security policies.
0.75;Noah;Gamma LLC;Gamma LLC Ops FP;[GL-380]: Upgraded AWS CloudFormation stacks
1.0;David;Epsilon Enterprises;Epsilon Enterprises Change T&M;Participated in various tasks
0.75;Emily;Delta Solutions;Delta Solutions Ops FP;[DS-497]: Conducted internal onboarding for new engineer
1.75;David;Epsilon Enterprises;Epsilon Enterprises Change T&M;Updated scripts
0.75;Alex;Alpha Edge;Alpha Edge Ops FP;[AI-107]: Participated in Alpha Edge JF Weekly meeting.
0.25;Liam;Beta Corp;Beta Corp Ops FP;[BC-281]: Conducted internal training on Azure Notification Hubs
1.25;Emily;Delta Solutions;Delta Solutions Ops FP;Various tasks completed
1.0;Sarah;Epsilon Enterprises;Epsilon Enterprises Ops FP;[EE-517]: Participated in Epsilon Enterprises JF Weekly.
1.0;Liam;Epsilon Enterprises;Epsilon Enterprises Change T&M;[EE-584]: Attended Epsilon Enterprises CI/CD session
0.5;Michael;Alpha Edge;Alpha Edge Ops FP;[AI-129]: Participated in Alpha Edge JF Weekly.
1.0;John;Epsilon Enterprises;Epsilon Enterprises Change T&M;[EE-536]: Attended Epsilon Enterprises CI/CD session.
1.25;Ava;Beta Corp;Beta Corp Ops FP;[BC-270]: Shared knowledge about Azure Functions
1.25;Sarah;Gamma LLC;Gamma LLC Change T&M;[GL-309]: Attended Gamma LLC Standup meeting.
1.5;Alex;Gamma LLC;Gamma LLC Change T&M;[GL-378]: Worked on CI/CD pipeline improvements
1.0;Sarah;Gamma LLC;Gamma LLC Change T&M;[GL-345]: Attended Gamma LLC CI/CD session.
0.75;Alex;Alpha Edge;Alpha Edge Change T&M;[AI-159]: Implemented customer-requested AWS features
1.0;Michael;Beta Corp;Beta Corp Change T&M;[BC-406]: Implemented security updates for Epsilon Enterprises
1.5;David;Delta Solutions;Delta Solutions Ops FP;[DS-604]: Improved Azure configurations
0.5;Sarah;Gamma LLC;Gamma LLC Ops FP;[GL-321]: Offboarded AWS user accounts.
1.25;Sarah;Delta Solutions;Delta Solutions Ops FP;[DS-457]: Offboarded deprecated Azure resources
0.5;Alex;Beta Corp;Beta Corp Change T&M;[BC-271]: Attended Beta Corp Team Retrospective
0.5;Sarah;Epsilon Enterprises;Epsilon Enterprises Ops FP;[EE-511]: Participated in Epsilon Enterprises JF Weekly meeting.
1.5;Michael;Gamma LLC;Gamma LLC Change T&M;[GL-360]: Worked on CI/CD pipeline improvements
1.25;Sophia;Beta Corp;Beta Corp Ops FP;Participated in grooming sessions
1.5;John;Delta Solutions;Delta Solutions Ops FP;[DS-492]: Improved Azure Logic Apps configurations
1.0;Sarah;Beta Corp;Beta Corp Change T&M;[BC-256]: Implemented customer-requested Azure Functions
1.75;Alex;Epsilon Enterprises;Epsilon Enterprises Ops FP;[EE-516]: Improved AWS CloudTrail configurations.
1.0;Sarah;Beta Corp;Beta Corp Change T&M;[BC-238]: Implemented customer-requested Azure Functions.
1.5;John;Delta Solutions;Delta Solutions Ops FP;[DS-498]: Improved Azure Functions configurations
1.75;Alex;Delta Solutions;Delta Solutions Ops FP;[DS-458]: Improved Azure Kubernetes Service configurations
1.0;John;Epsilon Enterprises;Epsilon Enterprises Change T&M;[EE-524]: Attended Epsilon Enterprises Standup.
1.75;James;Delta Solutions;Delta Solutions Ops FP;[DS-496]: Improved Azure Firewall configurations
0.5;Sarah;Epsilon Enterprises;Epsilon Enterprises Ops FP;[EE-551]: Participated in internal team sync.
1.5;Alex;Alpha Edge;Alpha Edge Change T&M;Attended Alpha Edge CI/CD session
1.25;Alex;Epsilon Enterprises;Epsilon Enterprises Ops FP;[EE-528]: Updated AWS CloudFormation templates.
1.0;Sarah;Epsilon Enterprises;Epsilon Enterprises Ops FP;[EE-541]: Updated AWS CloudTrail settings.
1.5;Alex;Epsilon Enterprises;Epsilon Enterprises Change T&M;[EE-574]: Worked on AWS CI/CD pipeline fixes
1.5;Alex;Epsilon Enterprises;Epsilon Enterprises Change T&M;[EE-522]: Worked on AWS CI/CD pipeline improvements.
0.75;Sarah;Delta Solutions;Delta Solutions Ops FP;[DS-440]: Conducted internal onboarding for new engineer.
1.5;Michael;Gamma LLC;Gamma LLC Change T&M;[GL-324]: Attended client meeting for new AWS features.
0.75;Sarah;Delta Solutions;Delta Solutions Ops FP;[DS-446]: Conducted internal onboarding for new engineer.
0.5;Alex;Beta Corp;Beta Corp Change T&M;[BC-292]: Attended Beta Corp Team Retrospective
1.0;Liam;Epsilon Enterprises;Epsilon Enterprises Change T&M;[EE-578]: Attended Epsilon Enterprises CI/CD session
1.75;Alex;Beta Corp;Beta Corp Ops FP;[BC-261]: Upgraded Azure Load Balancers
0.5;Sarah;Epsilon Enterprises;Epsilon Enterprises Ops FP;[EE-539]: Participated in internal team sync.
0.75;Sarah;Delta Solutions;Delta Solutions Ops FP;[DS-422]: Conducted internal training on Azure security.
0.75;James;Alpha Edge;Alpha Edge Change T&M;[AI-194]: Implemented customer-requested AWS features
0.5;Alex;Beta Corp;Beta Corp Change T&M;[BC-283]: Attended Beta Corp Team Retrospective
1.5;Alex;Alpha Edge;Alpha Edge Change T&M;[AI-192]: Attended Alpha Edge CI/CD session
0.25;Emily;Alpha Edge;Alpha Edge Ops FP;[AI-128]: Shared expertise on AWS Step Functions.
1.25;Sarah;Beta Corp;Beta Corp Ops FP;[BC-220]: Updated Azure VM configurations.
0.5;Emily;Alpha Edge;Alpha Edge Ops FP;Shared expertise on AWS QuickSight
1.5;Alex;Alpha Edge;Alpha Edge Change T&M;[AI-187]: Attended Alpha Edge CI/CD session
1.75;John;Beta Corp;Beta Corp Change T&M;[BC-221]: Implemented new Azure Service Bus features.
0.5;Sarah;Beta Corp;Beta Corp Ops FP;Attended meeting with Gamma LLC team
0.75;John;Beta Corp;Beta Corp Ops FP;[BC-209]: Upgraded Azure services to latest versions.
0.75;James;Gamma LLC;Gamma LLC Ops FP;[GL-392]: Upgraded AWS CloudFormation stacks
1.0;Michael;Epsilon Enterprises;Epsilon Enterprises Change T&M;[EE-703]: Implemented features for Alpha Edge
1.0;Alex;Gamma LLC;Gamma LLC Change T&M;[GL-314]: Attended Gamma LLC Standup meeting.
0.5;John;Alpha Edge;Alpha Edge Change T&M;[AI-121]: Code review for AWS networking improvements.
1.0;Emily;Alpha Edge;Alpha Edge Ops FP;Performed internal team sync meeting.
0.75;Alex;Gamma LLC;Gamma LLC Ops FP;[GL-350]: Upgraded AWS CloudFormation stacks.
1.0;Emma;Gamma LLC;Gamma LLC Change T&M;[GL-375]: Attended Gamma LLC CI/CD session
1.5;Sarah;Delta Solutions;Delta Solutions Ops FP;[DS-414]: Improved Azure Active Directory configurations.
1.0;Michael;Beta Corp;Beta Corp Ops FP;[BC-400]: Upgraded servers for Delta Solutions
0.5;John;Alpha Edge;Alpha Edge Change T&M;[AI-103]: Attended Alpha Edge CI/CD session.
1.0;Emma;Epsilon Enterprises;Epsilon Enterprises Ops FP;[EE-571]: Updated AWS SNS topics
1.0;John;Gamma LLC;Gamma LLC Ops FP;[GL-388]: Upgraded AWS CloudWatch alarms
0.75;Emily;Delta Solutions;Delta Solutions Ops FP;[DS-491]: Conducted internal onboarding for new engineer
1.0;Sarah;Epsilon Enterprises;Epsilon Enterprises Ops FP;[EE-523]: Updated AWS KMS keys.
1.0;John;Gamma LLC;Gamma LLC Ops FP;[GL-352]: Upgraded AWS Elastic Beanstalk environments.
0.75;Alex;Alpha Edge;Alpha Edge Change T&M;[AI-142]: Implemented customer-requested AWS features.
0.75;Sarah;Beta Corp;Beta Corp Ops FP;[BC-405]: Assisted Gamma LLC with deployment
1.75;Noah;Beta Corp;Beta Corp Ops FP;[BC-279]: Upgraded Azure Service Fabric
1.5;John;Gamma LLC;Gamma LLC Ops FP;[GL-310]: Performed EKS cluster upgrades.
1.25;Ava;Beta Corp;Beta Corp Ops FP;[BC-282]: Shared knowledge about Azure Cognitive Services
1.75;James;Delta Solutions;Delta Solutions Ops FP;[DS-490]: Improved Azure Kubernetes Service configurations
1.5;Alex;Gamma LLC;Gamma LLC Change T&M;[GL-396]: Worked on CI/CD pipeline improvements
1.0;Amanda;Alpha Edge;Alpha Edge Ops FP;Shared expertise on AWS services
1.25;Emily;Beta Corp;Beta Corp Ops FP;[BC-234]: Improved Azure DevOps pipelines.
1.0;Sarah;Beta Corp;Beta Corp Ops FP;[BC-206]: Performed routine infrastructure troubleshooting.
0.75;Sarah;Alpha Edge;Alpha Edge Ops FP;[AI-136]: Participated in internal team sync meeting.
1.5;Sarah;Gamma LLC;Gamma LLC Ops FP;[GL-361]: Monitored AWS Step Functions
0.25;Ava;Gamma LLC;Gamma LLC Ops FP;[GL-377]: Shared expertise on AWS CloudFormation
1.25;Emily;Epsilon Enterprises;Epsilon Enterprises Ops FP;[EE-537]: Participated in internal team meeting.
1.75;Alex;Beta Corp;Beta Corp Ops FP;[BC-267]: Upgraded Azure Service Fabric
1.5;Sarah;Gamma LLC;Gamma LLC Ops FP;[GL-349]: Monitored AWS Batch jobs.
0.25;Amanda;Beta Corp;Beta Corp Ops FP;Personal time off
0.5;Alex;Delta Solutions;Delta Solutions Ops FP;[DS-403]: Offboarded user accounts for former employees.
1.75;Noah;Beta Corp;Beta Corp Ops FP;[BC-273]: Upgraded Azure Load Balancers
0.75;Alex;Alpha Edge;Alpha Edge Change T&M;[AI-125]: Implemented customer-requested AWS Batch jobs.
1.0;Liam;Epsilon Enterprises;Epsilon Enterprises Change T&M;[EE-572]: Attended Epsilon Enterprises CI/CD session
0.25;Emily;Gamma LLC;Gamma LLC Ops FP;[GL-323]: Shared expertise on AWS CloudFront.
1.5;Michael;Gamma LLC;Gamma LLC Change T&M;[GL-348]: Worked on CI/CD pipeline improvements.
1.5;John;Delta Solutions;Delta Solutions Ops FP;[DS-423]: Improved Azure network security groups.
0.5;Sophia;Alpha Edge;Alpha Edge Ops FP;[AI-186]: Shared expertise on AWS SageMaker
1.25;Sophia;Delta Solutions;Delta Solutions Ops FP;[DS-495]: Offboarded deprecated Azure resources
0.5;Sarah;Alpha Edge;Alpha Edge Ops FP;Attended meeting with Delta Solutions
0.75;Michael;Delta Solutions;Delta Solutions Ops FP;[DS-431]: Monitored Azure Functions performance.
0.25;John;Beta Corp;Beta Corp Ops FP;[BC-295]: Conducted internal training on Azure Machine Learning
0.25;Sarah;Alpha Edge;Alpha Edge Change T&M;[AI-108]: Attended Alpha Edge Team Retrospective.
1.5;Sophia;Gamma LLC;Gamma LLC Ops FP;[GL-391]: Monitored AWS Step Functions
1.5;Michael;Epsilon Enterprises;Epsilon Enterprises Ops FP;[EE-520]: Updated AWS CloudFormation stacks.
1.0;Emily;Beta Corp;Beta Corp Change T&M;[BC-289]: Implemented customer-requested Azure Functions
1.25;Noah;Alpha Edge;Alpha Edge Change T&M;[AI-169]: Implemented customer-requested AWS features
1.25;Sarah;Beta Corp;Beta Corp Ops FP;[BC-260]: Groomed tasks under FP container
1.0;John;Gamma LLC;Gamma LLC Ops FP;[GL-346]: Upgraded AWS CloudWatch dashboards.
0.75;Sarah;Epsilon Enterprises;Epsilon Enterprises Ops FP;Assisted Alpha Edge with tasks
0.75;Sarah;Alpha Edge;Alpha Edge Ops FP;[AI-102]: Participated in internal team meeting to sync on tasks.
0.75;Michael;Delta Solutions;Delta Solutions Change T&M;[DS-437]: Attended Delta Solutions Standup.
1.25;Sophia;Epsilon Enterprises;Epsilon Enterprises Ops FP;[EE-592]: Participated in internal team meeting
1.25;Olivia;Alpha Edge;Alpha Edge Ops FP;[AI-168]: Monitored AWS services post-deployment
0.5;Michael;Beta Corp;Beta Corp Change T&M;[BC-241]: Attended Beta Corp Team Retrospective.
0.5;James;Delta Solutions;Delta Solutions Ops FP;Participated in team meeting
1.0;Amanda;Alpha Edge;Alpha Edge Ops FP;Shared expertise on AWS services
1.25;Sophia;Alpha Edge;Alpha Edge Ops FP;[AI-188]: Monitored AWS services post-deployment
1.75;Alex;Beta Corp;Beta Corp Ops FP;[BC-237]: Upgraded Azure Load Balancers.
0.25;Sarah;Alpha Edge;Alpha Edge Ops FP;[AI-143]: Shared knowledge about AWS CodeDeploy.
1.25;Emily;Gamma LLC;Gamma LLC Ops FP;[GL-503]: Monitored ECS tasks
1.25;Sarah;Beta Corp;Beta Corp Ops FP;[BC-254]: Groomed tasks under FP container
1.5;Alex;Gamma LLC;Gamma LLC Change T&M;[GL-390]: Worked on CI/CD pipeline improvements
0.5;Sarah;Alpha Edge;Alpha Edge Ops FP;[AI-132]: Offboarded AWS IAM users.
1.25;Ava;Epsilon Enterprises;Epsilon Enterprises Ops FP;[EE-579]: Participated in internal team meeting
1.0;John;Gamma LLC;Gamma LLC Change T&M;[GL-304]: Code review for client-requested feature addition.
0.25;John;Beta Corp;Beta Corp Ops FP;[BC-263]: Conducted internal training on Azure Machine Learning
1.5;John;Delta Solutions;Delta Solutions Ops FP;[DS-460]: Improved Azure Logic Apps configurations
1.25;Sarah;Delta Solutions;Delta Solutions Ops FP;[DS-444]: Offboarded deprecated Azure VMs.
1.75;David;Beta Corp;Beta Corp Change T&M;[BC-409]: Upgraded infrastructure
1.25;Olivia;Beta Corp;Beta Corp Ops FP;[BC-278]: Groomed tasks under FP container
1.5;Olivia;Gamma LLC;Gamma LLC Ops FP;[GL-373]: Monitored AWS Step Functions
1.5;Alex;Alpha Edge;Alpha Edge Change T&M;[AI-184]: Attended Alpha Edge CI/CD session
1.5;Sarah;Beta Corp;Beta Corp Ops FP;[BC-218]: Performed Azure infrastructure troubleshooting.
0.5;Sarah;Alpha Edge;Alpha Edge Change T&M;[AI-106]: Attended customer meeting for feature requirements.
1.25;Emily;Epsilon Enterprises;Epsilon Enterprises Ops FP;[EE-701]: Implemented security patches
0.75;Sarah;Beta Corp;Beta Corp Change T&M;[BC-230]: Attended client meeting for Azure updates.
1.25;Olivia;Delta Solutions;Delta Solutions Ops FP;[DS-469]: Offboarded deprecated Azure resources
1.5;Michael;Delta Solutions;Delta Solutions Ops FP;[DS-425]: Offboarded obsolete Azure resources.
0.75;Sarah;Delta Solutions;Delta Solutions Ops FP;[DS-465]: Conducted internal onboarding for new engineer
0.5;James;Delta Solutions;Delta Solutions Ops FP;Participated in team meeting
1.25;Emily;Delta Solutions;Delta Solutions Ops FP;Various tasks completed
0.25;Emily;Alpha Edge;Alpha Edge Ops FP;[AI-134]: Shared knowledge about AWS SNS.
0.75;Michael;Delta Solutions;Delta Solutions Change T&M;[DS-468]: Attended Delta Solutions Standup
1.25;Emily;Beta Corp;Beta Corp Ops FP;[BC-408]: Conducted training
0.5;Sarah;Epsilon Enterprises;Epsilon Enterprises Ops FP;[EE-557]: Participated in internal team sync
1.5;Michael;Alpha Edge;Alpha Edge Change T&M;[AI-157]: Attended Alpha Edge CI/CD session
0.5;Alex;Beta Corp;Beta Corp Change T&M;[BC-297]: Attended Beta Corp Team Retrospective
0.5;Sarah;Epsilon Enterprises;Epsilon Enterprises Ops FP;[EE-702]: Participated in internal sync
0.75;Sarah;Delta Solutions;Delta Solutions Change T&M;[DS-432]: Attended Delta Solutions CI/CD session.
1.0;Liam;Gamma LLC;Gamma LLC Ops FP;[GL-382]: Upgraded AWS Elastic Beanstalk environments
0.25;Sarah;Alpha Edge;Alpha Edge Ops FP;[AI-138]: Shared knowledge about AWS CodePipeline.
0.75;Michael;Delta Solutions;Delta Solutions Change T&M;[DS-456]: Attended Delta Solutions Standup
1.25;Sarah;Beta Corp;Beta Corp Ops FP;[BC-202]: Troubleshot infrastructure issues affecting performance.
1.5;Noah;Epsilon Enterprises;Epsilon Enterprises Change T&M;[EE-570]: Implemented AWS Kinesis streams
1.25;Emily;Beta Corp;Beta Corp Ops FP;[BC-264]: Shared knowledge about Azure CDN
1.75;John;Alpha Edge;Alpha Edge Change T&M;[AI-115]: Implemented new AWS EC2 instances as per request.
1.25;Emily;Beta Corp;Beta Corp Ops FP;[BC-240]: Shared knowledge about Azure Data Lake.
1.0;Alex;Beta Corp;Beta Corp Ops FP;[BC-219]: Shared expertise on Azure Resource Groups.
1.5;Sarah;Gamma LLC;Gamma LLC Ops FP;[GL-343]: Monitored AWS Fargate tasks.
1.75;Michael;Gamma LLC;Gamma LLC Ops FP;[GL-312]: Improved AWS S3 bucket policies.
1.75;James;Beta Corp;Beta Corp Ops FP;[BC-293]: Upgraded Azure Load Balancers
0.5;Emily;Delta Solutions;Delta Solutions Change T&M;[DS-418]: Worked on Azure DevOps pipeline fixes.
0.75;Sarah;Alpha Edge;Alpha Edge Change T&M;[AI-130]: Attended Alpha Edge CI/CD session.
1.0;Sarah;Beta Corp;Beta Corp Change T&M;[BC-244]: Implemented customer-requested Azure Service Bus features.
1.5;Michael;Gamma LLC;Gamma LLC Change T&M;[GL-342]: Worked on CI/CD pipeline improvements.
0.25;Sarah;Delta Solutions;Delta Solutions Ops FP;[DS-408]: Shared knowledge about Azure monitoring tools.
1.5;Alex;Epsilon Enterprises;Epsilon Enterprises Change T&M;[EE-587]: Worked on AWS CI/CD pipeline fixes
0.75;Alex;Delta Solutions;Delta Solutions Ops FP;[DS-427]: Updated Azure Key Vault secrets.
0.5;Michael;Delta Solutions;Delta Solutions Ops FP;[DS-401]: Updated monitoring alerts configuration.
1.5;Alex;Epsilon Enterprises;Epsilon Enterprises Change T&M;[EE-558]: Implemented AWS Kinesis streams
0.25;Amanda;Delta Solutions;Delta Solutions Ops FP;Personal appointment
0.6;Emma;Delta Solutions;Delta Solutions Ops FP;[DS-477]: Conducted internal onboarding for new engineer
1.5;Alex;Gamma LLC;Gamma LLC Change T&M;[GL-384]: Worked on CI/CD pipeline improvements
1.75;Alex;Delta Solutions;Delta Solutions Ops FP;[DS-451]: Improved Azure Container Instances configurations.
1.5;Michael;Gamma LLC;Gamma LLC Change T&M;[GL-336]: Worked on CI/CD pipeline enhancements.
2.5;James;Epsilon Enterprises;Epsilon Enterprises Change T&M;[EE-589]: Implemented AWS Kinesis streams
1.0;David;Gamma LLC;Gamma LLC Change T&M;[GL-509]: Worked on CI/CD improvements
1.25;Sophia;Alpha Edge;Alpha Edge Ops FP;[AI-193]: Monitored AWS services post-deployment
1.0;Emily;Beta Corp;Beta Corp Change T&M;[BC-294]: Implemented customer-requested Azure Functions
1.0;John;Alpha Edge;Alpha Edge Ops FP;[AI-109]: Groomed and refined tasks under FP container.
0.5;James;Beta Corp;Beta Corp Change T&M;[BC-402]: Attended Alpha Edge standup
1.0;Sarah;Beta Corp;Beta Corp Change T&M;[BC-262]: Implemented customer-requested Azure Functions
1.25;Emily;Alpha Edge;Alpha Edge Ops FP;[AI-303]: Monitored AWS services
0.25;Sarah;Alpha Edge;Alpha Edge Ops FP;[AI-126]: Shared knowledge about AWS ElastiCache.
0.75;Alex;Alpha Edge;Alpha Edge Change T&M;[AI-148]: Implemented customer-requested AWS features.
1.0;Liam;Gamma LLC;Gamma LLC Ops FP;[GL-376]: Upgraded AWS CloudWatch metrics
1.0;Amanda;Gamma LLC;Gamma LLC Ops FP;[GL-502]: Shared expertise on AWS Lambda
1.0;Sarah;Delta Solutions;Delta Solutions Change T&M;[DS-402]: Implemented customer-requested feature for logging.
0.75;Alex;Delta Solutions;Delta Solutions Change T&M;[DS-480]: Attended Delta Solutions Standup
1.0;John;Gamma LLC;Gamma LLC Ops FP;[GL-316]: Upgraded AWS RDS instances.
0.5;John;Gamma LLC;Gamma LLC Change T&M;[GL-334]: Attended Gamma LLC Team Retrospective.
0.5;Sarah;Delta Solutions;Delta Solutions Change T&M;[DS-416]: Attended Delta Solutions Team Retrospective.
0.75;Sarah;Epsilon Enterprises;Epsilon Enterprises Ops FP;[EE-515]: Updated AWS Lambda functions.
1.0;Michael;Beta Corp;Beta Corp Change T&M;[BC-411]: Implemented security updates for Epsilon Enterprises
0.75;Michael;Beta Corp;Beta Corp Change T&M;[BC-217]: Code review for Azure policy changes.
0.5;Olivia;Epsilon Enterprises;Epsilon Enterprises Ops FP;[EE-581]: Participated in internal team sync
1.5;Alex;Epsilon Enterprises;Epsilon Enterprises Change T&M;[EE-593]: Worked on AWS CI/CD pipeline fixes
1.0;Emma;Beta Corp;Beta Corp Change T&M;[BC-274]: Implemented customer-requested Azure Functions
1.5;David;Delta Solutions;Delta Solutions Ops FP;[DS-601]: Improved Azure configurations
0.5;Sarah;Gamma LLC;Gamma LLC Change T&M;[GL-319]: Attended Gamma LLC CI/CD session.
0.75;Michael;Delta Solutions;Delta Solutions Change T&M;[DS-443]: Attended Delta Solutions Standup.
1.0;John;Gamma LLC;Gamma LLC Ops FP;[GL-340]: Upgraded AWS CloudFormation stacks.
1.5;Michael;Epsilon Enterprises;Epsilon Enterprises Change T&M;[EE-544]: Worked on AWS CI/CD pipeline fixes.
1.5;Michael;Alpha Edge;Alpha Edge Change T&M;[AI-117]: Worked on CI/CD pipeline enhancements.
1.0;John;Delta Solutions;Delta Solutions Ops FP;[DS-411]: Offboarded unused Azure resources.
1.0;Emily;Epsilon Enterprises;Epsilon Enterprises Ops FP;[EE-596]: Updated AWS S3 policies
0.75;Michael;Delta Solutions;Delta Solutions Change T&M;[DS-462]: Attended Delta Solutions Standup
0.5;Sophia;Epsilon Enterprises;Epsilon Enterprises Ops FP;[EE-588]: Participated in internal team sync
0.5;Michael;Beta Corp;Beta Corp Change T&M;[BC-253]: Attended Beta Corp Team Retrospective.
1.0;Alex;Epsilon Enterprises;Epsilon Enterprises Ops FP;[EE-510]: Improved monitoring dashboards with new AWS metrics.
0.75;Sarah;Beta Corp;Beta Corp Ops FP;[BC-410]: Assisted Gamma LLC with deployment
1.0;Emily;Gamma LLC;Gamma LLC Ops FP;[GL-305]: Groomed tasks for upcoming sprint under FP container.
1.5;John;Alpha Edge;Alpha Edge Ops FP;[AI-144]: Groomed and refined FP tasks.
1.25;James;Alpha Edge;Alpha Edge Ops FP;Worked on several tasks
1.75;Michael;Alpha Edge;Alpha Edge Change T&M;[AI-111]: Implemented customer-requested AWS Lambda functions.
1.0;Emily;Gamma LLC;Gamma LLC Change T&M;[GL-393]: Attended Gamma LLC CI/CD session
0.5;John;Beta Corp;Beta Corp Ops FP;[BC-215]: Conducted internal onboarding for new team member.
1.0;Amanda;Beta Corp;Beta Corp Ops FP;[BC-401]: Shared knowledge about Azure functions
1.25;Sarah;Alpha Edge;Alpha Edge Ops FP;[AI-118]: Groomed and refined FP tasks.
1.0;David;Alpha Edge;Alpha Edge Change T&M;[AI-304]: Attended CI/CD session
1.25;Sarah;Beta Corp;Beta Corp Ops FP;[BC-224]: Groomed tasks for FP container.
1.75;Alex;Beta Corp;Beta Corp Ops FP;[BC-255]: Upgraded Azure Redis Cache
1.25;Emily;Delta Solutions;Delta Solutions Change T&M;[DS-412]: Implemented customer-requested Azure backup solutions.
1.0;John;Gamma LLC;Gamma LLC Ops FP;[GL-322]: Upgraded AWS Elastic Beanstalk environments.
1.25;Sophia;Beta Corp;Beta Corp Ops FP;[BC-291]: Shared knowledge about Azure Functions
0.5;Noah;Gamma LLC;Gamma LLC Ops FP;[GL-374]: Upgraded AWS CloudFormation stacks
0.5;Emily;Delta Solutions;Delta Solutions Ops FP;[DS-406]: Improved Azure security configurations.
0.25;Emily;Delta Solutions;Delta Solutions Ops FP;[DS-430]: Shared expertise on Azure Automation.
1.0;Emma;Beta Corp;Beta Corp Change T&M;[BC-280]: Implemented customer-requested Azure Functions
1.25;Ava;Beta Corp;Beta Corp Ops FP;[BC-288]: Shared knowledge about Azure Functions
1.75;Emily;Epsilon Enterprises;Epsilon Enterprises Change T&M;[EE-501]: Worked on CI/CD pipeline improvements.
1.0;David;Gamma LLC;Gamma LLC Change T&M;[GL-504]: Worked on CI/CD improvements
1.25;Olivia;Delta Solutions;Delta Solutions Ops FP;[DS-481]: Offboarded deprecated Azure resources
0.75;Sarah;Delta Solutions;Delta Solutions Ops FP;[DS-459]: Conducted internal onboarding for new engineer
2.0;Emily;Gamma LLC;Gamma LLC Change T&M;[GL-311]: Developed concept for AWS auto-scaling groups.
0.25;Emily;Beta Corp;Beta Corp Ops FP;Shared knowledge about Azure security best practices.
0.5;Sarah;Gamma LLC;Gamma LLC Ops FP;[GL-333]: Offboarded AWS resources no longer in use.
1.25;Emily;Epsilon Enterprises;Epsilon Enterprises Ops FP;[EE-561]: Participated in internal team meeting
1.5;Michael;Beta Corp;Beta Corp Change T&M;[BC-235]: Attended client meeting for new Azure services.
0.75;Emily;Delta Solutions;Delta Solutions Ops FP;Worked on project tasks
1.0;Sarah;Gamma LLC;Gamma LLC Change T&M;[GL-315]: Implemented AWS CloudFormation templates.
1.0;Sarah;Epsilon Enterprises;Epsilon Enterprises Ops FP;[EE-547]: Updated AWS Config rules.
1.75;Alex;Delta Solutions;Delta Solutions Ops FP;[DS-464]: Improved Azure Firewall configurations
0.75;Emma;Delta Solutions;Delta Solutions Ops FP;[DS-483]: Conducted internal onboarding for new engineer
1.5;Liam;Alpha Edge;Alpha Edge Ops FP;[AI-182]: Groomed and refined FP tasks
1.5;Michael;Delta Solutions;Delta Solutions Ops FP;[DS-603]: Improved network for Gamma LLC
1.25;Michael;Delta Solutions;Delta Solutions Change T&M;[DS-413]: Worked on Azure CI/CD pipeline improvements.
0.75;Noah;Alpha Edge;Alpha Edge Change T&M;[AI-180]: Implemented customer-requested AWS features
2.0;Sarah;Epsilon Enterprises;Epsilon Enterprises Change T&M;[EE-503]: Developed concept for new deployment strategy.
1.75;Emily;Beta Corp;Beta Corp Ops FP;[BC-228]: Groomed and refined FP tasks.
1.0;Liam;Gamma LLC;Gamma LLC Ops FP;[GL-370]: Upgraded AWS CloudWatch alarms
1.75;Alex;Gamma LLC;Gamma LLC Ops FP;[GL-308]: Offboarded outdated AWS resources.
1.0;John;Beta Corp;Beta Corp Change T&M;[BC-203]: Attended Beta Corp Team Retrospective meeting.
0.8;James;Beta Corp;Beta Corp Change T&M;[BC-407]: Worked on deployment
1.0;Amanda;Epsilon Enterprises;Epsilon Enterprises Ops FP;[EE-708]: Shared knowledge about AWS S3
1.25;Sarah;Delta Solutions;Delta Solutions Ops FP;[DS-434]: Updated Azure Event Hubs configurations.
1.25;Sarah;Epsilon Enterprises;Epsilon Enterprises Change T&M;[EE-527]: Worked on AWS S3 lifecycle policies.
0.75;Alex;Gamma LLC;Gamma LLC Ops FP;[GL-302]: Conducted internal onboarding for new team member.
1.75;Alex;Delta Solutions;Delta Solutions Ops FP;[DS-445]: Improved Azure Blob Storage configurations.
0.25;Amanda;Alpha Edge;Alpha Edge Ops FP;Personal time off
0.5;Emily;Alpha Edge;Alpha Edge Ops FP;[AI-156]: Shared expertise on AWS SageMaker
0.75;Alex;Gamma LLC;Gamma LLC Ops FP;[GL-344]: Upgraded AWS RDS instances.
1.0;John;Gamma LLC;Gamma LLC Ops FP;[GL-358]: Upgraded AWS CloudWatch alarms
1.25;Emily;Alpha Edge;Alpha Edge Ops FP;[AI-116]: Monitored system performance post-upgrades.
1.25;Emily;Epsilon Enterprises;Epsilon Enterprises Change T&M;[EE-507]: Attended client meeting for optimization strategies.
0.75;Sarah;Delta Solutions;Delta Solutions Ops FP;Assisted with Beta Corp's infrastructure
0.5;Emily;Alpha Edge;Alpha Edge Ops FP;Shared expertise on AWS EMR.
0.5;Sophia;Delta Solutions;Delta Solutions Ops FP;Multiple tasks combined: monitoring and updates
1.0;John;Epsilon Enterprises;Epsilon Enterprises Change T&M;[EE-548]: Attended Epsilon Enterprises CI/CD session.
0.25;Emily;Alpha Edge;Alpha Edge Ops FP;[AI-190]: Shared knowledge about AWS CodeBuild
0.5;Emily;Delta Solutions;Delta Solutions Ops FP;[DS-455]: Monitored Azure Data Lake performance
0.5;Ava;Alpha Edge;Alpha Edge Ops FP;[AI-167]: Shared expertise on AWS SageMaker
0.75;Noah;Alpha Edge;Alpha Edge Change T&M;[AI-175]: Implemented customer-requested AWS features
1.0;Emma;Beta Corp;Beta Corp Change T&M;[BC-268]: Implemented customer-requested Azure Functions
1.25;Emily;Beta Corp;Beta Corp Ops FP;[BC-258]: Shared knowledge about Azure Functions
1.0;Emma;Epsilon Enterprises;Epsilon Enterprises Ops FP;[EE-583]: Updated AWS IAM roles
1.0;Sarah;Alpha Edge;Alpha Edge Ops FP;[AI-114]: Shared knowledge about AWS cost management.
1.25;Sophia;Delta Solutions;Delta Solutions Ops FP;[DS-489]: Offboarded deprecated Azure resources
1.5;Alex;Alpha Edge;Alpha Edge Change T&M;[AI-113]: Code review for AWS security enhancements.
0.25;Sarah;Epsilon Enterprises;Epsilon Enterprises Ops FP;[EE-521]: Participated in internal team sync.
1.75;David;Beta Corp;Beta Corp Change T&M;[BC-404]: Upgraded infrastructure
1.25;Emily;Epsilon Enterprises;Epsilon Enterprises Ops FP;[EE-525]: Participated in internal team meeting.
1.5;Alex;Epsilon Enterprises;Epsilon Enterprises Change T&M;[EE-580]: Worked on AWS CI/CD pipeline fixes
1.0;Sarah;Epsilon Enterprises;Epsilon Enterprises Ops FP;[EE-535]: Updated AWS Route 53 configurations.
1.25;Emily;Gamma LLC;Gamma LLC Ops FP;[GL-508]: Monitored ECS tasks
1.5;Michael;Epsilon Enterprises;Epsilon Enterprises Change T&M;[EE-556]: Worked on AWS CI/CD pipeline fixes
1.75;Alex;Beta Corp;Beta Corp Ops FP;[BC-243]: Upgraded Azure Application Gateways.
1.5;Michael;Delta Solutions;Delta Solutions Ops FP;[DS-419]: Monitored Azure services after updates.
1.0;Alex;Gamma LLC;Gamma LLC Ops FP;[GL-320]: Groomed tasks under FP container.
1.0;John;Epsilon Enterprises;Epsilon Enterprises Change T&M;[EE-566]: Attended Epsilon Enterprises CI/CD session
0.25;Sarah;Beta Corp;Beta Corp Ops FP;[BC-212]: Conducted internal training on Azure DevOps.
0.25;Sarah;Alpha Edge;Alpha Edge Ops FP;[AI-154]: Shared knowledge about AWS CodeCommit
0.75;Alex;Alpha Edge;Alpha Edge Change T&M;[AI-137]: Implemented customer-requested AWS features.
1.25;Sophia;Beta Corp;Beta Corp Ops FP;[BC-298]: Groomed tasks under FP container
0.5;Sarah;Gamma LLC;Gamma LLC Ops FP;Reviewed code for Alpha Edge
1.5;John;Alpha Edge;Alpha Edge Ops FP;[AI-150]: Groomed and refined FP tasks.
1.0;John;Gamma LLC;Gamma LLC Ops FP;[GL-364]: Upgraded AWS CloudWatch metrics
0.5;Sarah;Epsilon Enterprises;Epsilon Enterprises Ops FP;[EE-563]: Participated in internal team sync
1.5;Liam;Alpha Edge;Alpha Edge Ops FP;[AI-166]: Groomed and refined FP tasks
0.75;Michael;Delta Solutions;Delta Solutions Change T&M;[DS-449]: Attended Delta Solutions Standup.
1.75;Noah;Delta Solutions;Delta Solutions Ops FP;[DS-488]: Improved Azure Kubernetes Service configurations
1.5;Michael;Gamma LLC;Gamma LLC Ops FP;[GL-501]: Updated monitoring tools for Epsilon Enterprises
1.5;Noah;Epsilon Enterprises;Epsilon Enterprises Change T&M;[EE-582]: Implemented AWS SQS queues
0.5;Emily;Delta Solutions;Delta Solutions Ops FP;[DS-448]: Monitored Azure Databricks performance.
0.25;Emily;Alpha Edge;Alpha Edge Ops FP;[AI-122]: Shared knowledge about AWS Lambda.
1.0;Sarah;Beta Corp;Beta Corp Change T&M;[BC-250]: Implemented customer-requested Azure Functions.
1.25;Sarah;Gamma LLC;Gamma LLC Ops FP;[GL-303]: Upgraded EKS add-ons to latest versions.
1.5;Michael;Alpha Edge;Alpha Edge Change T&M;[AI-162]: Attended Alpha Edge CI/CD session
1.25;Emily;Epsilon Enterprises;Epsilon Enterprises Ops FP;[EE-567]: Participated in internal team meeting
1.25;Emily;Beta Corp;Beta Corp Ops FP;[BC-222]: Improved Azure App Service configurations.
1.5;John;Delta Solutions;Delta Solutions Ops FP;[DS-435]: Improved Azure Data Factory pipelines.
1.5;Olivia;Gamma LLC;Gamma LLC Ops FP;[GL-385]: Monitored AWS Glue jobs
1.5;John;Delta Solutions;Delta Solutions Ops FP;[DS-454]: Improved Azure Service Bus configurations
0.8;Noah;Gamma LLC;Gamma LLC Ops FP;[GL-368]: Upgraded AWS CloudFormation stacks
1.5;Sarah;Gamma LLC;Gamma LLC Change T&M;[GL-331]: Worked on CI/CD pipeline improvements.
1.75;Alex;Delta Solutions;Delta Solutions Ops FP;[DS-439]: Improved Azure Cosmos DB configurations.
1.0;John;Epsilon Enterprises;Epsilon Enterprises Change T&M;[EE-554]: Attended Epsilon Enterprises CI/CD session
0.5;Emily;Alpha Edge;Alpha Edge Ops FP;[AI-145]: Shared expertise on AWS Athena.
1.5;Michael;Gamma LLC;Gamma LLC Ops FP;[GL-330]: Improved AWS API Gateway configurations.
1.0;Emma;Gamma LLC;Gamma LLC Change T&M;[GL-387]: Attended Gamma LLC CI/CD session
1.75;David;Delta Solutions;Delta Solutions Ops FP;Attended CI/CD session
1.5;Alex;Epsilon Enterprises;Epsilon Enterprises Change T&M;[EE-564]: Implemented AWS Redshift clusters
1.25;Sarah;Beta Corp;Beta Corp Ops FP;[BC-242]: Groomed tasks under FP container.
0.75;Michael;Epsilon Enterprises;Epsilon Enterprises Change T&M;[EE-514]: Attended Epsilon Enterprises CI/CD session.
1.0;Sarah;Epsilon Enterprises;Epsilon Enterprises Ops FP;[EE-565]: Updated AWS S3 policies
0.5;Emily;Delta Solutions;Delta Solutions Ops FP;[DS-424]: Monitored Azure storage accounts.
1.0;Alex;Beta Corp;Beta Corp Ops FP;[BC-207]: Shared expertise on Azure DevOps with team members.
1.0;Michael;Delta Solutions;Delta Solutions Ops FP;[DS-600]: Improved network configurations for Gamma LLC
0.75;Alex;Delta Solutions;Delta Solutions Change T&M;[DS-486]: Attended Delta Solutions Standup
1.0;Emily;Gamma LLC;Gamma LLC Change T&M;Attended Gamma LLC CI/CD session
1.25;James;Gamma LLC;Gamma LLC Ops FP;Worked on stuff
0.25;Liam;Beta Corp;Beta Corp Ops FP;[BC-269]: Conducted internal training on Azure Search
1.25;Alex;Gamma LLC;Gamma LLC Ops FP;[GL-326]: Improved AWS CloudWatch configurations.
0.5;Sophia;Alpha Edge;Alpha Edge Ops FP;Personal time booked as project work
1.5;Michael;Alpha Edge;Alpha Edge Change T&M;[AI-146]: Attended Alpha Edge CI/CD session.
1.75;Noah;Delta Solutions;Delta Solutions Ops FP;[DS-476]: Improved Azure Firewall configurations
1.75;Alex;Epsilon Enterprises;Epsilon Enterprises Ops FP;[EE-504]: Resolved application issue caused by misconfigured infrastructure.
1.25;Ava;Epsilon Enterprises;Epsilon Enterprises Ops FP;[EE-585]: Participated in internal team meeting
1.0;Sarah;Gamma LLC;Gamma LLC Ops FP;[GL-327]: Monitored AWS SNS topics.
0.5;Ava;Alpha Edge;Alpha Edge Ops FP;[AI-183]: Shared expertise on AWS SageMaker
0.25;Emily;Alpha Edge;Alpha Edge Ops FP;[AI-104]: Shared knowledge about AWS monitoring tools.
1.25;Sarah;Alpha Edge;Alpha Edge Ops FP;[AI-152]: Monitored AWS services post-deployment.
1.75;Alex;Beta Corp;Beta Corp Ops FP;[BC-249]: Upgraded Azure API Management services.
0.25;Emma;Alpha Edge;Alpha Edge Ops FP;[AI-176]: Shared knowledge about AWS CodeArtifact
1.25;Sarah;Beta Corp;Beta Corp Ops FP;[BC-266]: Groomed tasks under FP container
0.75;Michael;Alpha Edge;Alpha Edge Change T&M;[AI-135]: Code review for AWS infrastructure changes.
1.0;Amanda;Epsilon Enterprises;Epsilon Enterprises Ops FP;[EE-704]: Shared knowledge about AWS S3
1.0;Emma;Beta Corp;Beta Corp Change T&M;[BC-286]: Implemented customer-requested Azure Functions
0.5;James;Epsilon Enterprises;Epsilon Enterprises Ops FP;[EE-709]: Attended standup meeting
0.25;Sarah;Alpha Edge;Alpha Edge Ops FP;[AI-165]: Shared knowledge about AWS CodeArtifact
1.25;Sarah;Delta Solutions;Delta Solutions Ops FP;[DS-463]: Offboarded deprecated Azure resources
1.5;Sarah;Gamma LLC;Gamma LLC Ops FP;[GL-367]: Monitored AWS AppSync APIs
1.0;Ava;Delta Solutions;Delta Solutions Ops FP;[DS-473]: Monitored Azure Event Grid performance
1.5;Michael;Epsilon Enterprises;Epsilon Enterprises Ops FP;[EE-532]: Improved AWS CloudTrail logging.
1.5;Alex;Epsilon Enterprises;Epsilon Enterprises Change T&M;[EE-568]: Worked on AWS CI/CD pipeline fixes
1.25;Sarah;Delta Solutions;Delta Solutions Ops FP;[DS-438]: Offboarded deprecated Azure resources.
1.75;Noah;Beta Corp;Beta Corp Ops FP;[BC-285]: Upgraded Azure Redis Cache
1.5;Michael;Gamma LLC;Gamma LLC Change T&M;[GL-354]: Worked on CI/CD pipeline improvements
0.5;Sarah;Epsilon Enterprises;Epsilon Enterprises Ops FP;[EE-545]: Participated in internal team sync.
0.25;John;Delta Solutions;Delta Solutions Ops FP;[DS-417]: Updated Azure Resource Manager templates.
0.5;Sophia;Delta Solutions;Delta Solutions Ops FP;[DS-493]: Monitored Azure Event Grid performance
1.5;James;Epsilon Enterprises;Epsilon Enterprises Change T&M;[EE-595]: Implemented AWS Redshift clusters
0.75;Noah;Gamma LLC;Gamma LLC Ops FP;[GL-386]: Upgraded AWS CloudFormation stacks
0.75;Michael;Beta Corp;Beta Corp Change T&M;[BC-211]: Attended Beta Corp Team Retrospective.
1.25;Sarah;Alpha Edge;Alpha Edge Ops FP;[AI-124]: Monitored AWS services after migration.
0.5;Ava;Alpha Edge;Alpha Edge Ops FP;Shared expertise on AWS EMR